{
  "config": {
    "route": "openart_real_cnn",
    "variant": "medium",
    "seed": 123,
    "split_seed": 123,
    "data_dir": "/home/cgcgs/718/dataset/box/real",
    "image_size": [
      120,
      120
    ],
    "batch_size": 128,
    "validation_fraction": 0.2,
    "epochs": 80,
    "learning_rate": 0.001,
    "weight_decay": 0.0001,
    "label_smoothing": 0.05,
    "augmentation": {
      "brightness_limit": 0.08,
      "contrast_limit": 0.08,
      "rgb_shift": [
        [
          -3,
          4
        ],
        [
          -3,
          3
        ],
        [
          -4,
          4
        ]
      ],
      "hsv_shift": {
        "hue": 2,
        "saturation": 4,
        "value": 3
      },
      "probabilities": {
        "brightness_contrast": 0.3,
        "color": 0.2
      },
      "excluded": [
        "flip",
        "rotation",
        "zoom",
        "blur",
        "motion_blur",
        "gaussian_noise",
        "iso_noise",
        "downscale",
        "rgb565",
        "jpeg_compression"
      ]
    },
    "train_counts": [
      207,
      200,
      203,
      202,
      203,
      197,
      207,
      203,
      207,
      204
    ],
    "train_real_counts": [
      60,
      86,
      72,
      80,
      72,
      99,
      56,
      74,
      58,
      71
    ],
    "train_shotmix_counts": [
      147,
      114,
      131,
      122,
      131,
      98,
      151,
      129,
      149,
      133
    ],
    "validation_real_counts": [
      15,
      22,
      19,
      20,
      19,
      25,
      15,
      19,
      15,
      18
    ],
    "representative_samples_requested": 500
  },
  "best_validation_macro_f1": 0.9521133846995916,
  "checkpoint": "artifacts/openart_real/candidates/medium/best.weights.h5",
  "validation_source": "original_real_only",
  "float": {
    "accuracy": 0.9518716577540107,
    "macro_f1": 0.9521133846995916,
    "correct": 178,
    "total": 187,
    "per_class_recall": [
      0.9333333333333333,
      1.0,
      0.8947368421052632,
      0.95,
      0.9473684210526315,
      0.96,
      1.0,
      1.0,
      0.8666666666666667,
      0.9444444444444444
    ],
    "confusion_matrix": [
      [
        14,
        0,
        0,
        0,
        0,
        0,
        0,
        0,
        1,
        0
      ],
      [
        0,
        22,
        0,
        0,
        0,
        0,
        0,
        0,
        0,
        0
      ],
      [
        0,
        0,
        17,
        0,
        2,
        0,
        0,
        0,
        0,
        0
      ],
      [
        0,
        0,
        0,
        19,
        1,
        0,
        0,
        0,
        0,
        0
      ],
      [
        0,
        0,
        0,
        0,
        18,
        1,
        0,
        0,
        0,
        0
      ],
      [
        0,
        0,
        0,
        0,
        0,
        24,
        0,
        0,
        1,
        0
      ],
      [
        0,
        0,
        0,
        0,
        0,
        0,
        15,
        0,
        0,
        0
      ],
      [
        0,
        0,
        0,
        0,
        0,
        0,
        0,
        19,
        0,
        0
      ],
      [
        0,
        0,
        0,
        0,
        0,
        2,
        0,
        0,
        13,
        0
      ],
      [
        0,
        0,
        0,
        1,
        0,
        0,
        0,
        0,
        0,
        17
      ]
    ]
  },
  "int8": {
    "accuracy": 0.9518716577540107,
    "macro_f1": 0.9521133846995916,
    "correct": 178,
    "total": 187,
    "per_class_recall": [
      0.9333333333333333,
      1.0,
      0.8947368421052632,
      0.95,
      0.9473684210526315,
      0.96,
      1.0,
      1.0,
      0.8666666666666667,
      0.9444444444444444
    ],
    "confusion_matrix": [
      [
        14,
        0,
        0,
        0,
        0,
        0,
        0,
        0,
        1,
        0
      ],
      [
        0,
        22,
        0,
        0,
        0,
        0,
        0,
        0,
        0,
        0
      ],
      [
        0,
        0,
        17,
        0,
        2,
        0,
        0,
        0,
        0,
        0
      ],
      [
        0,
        0,
        0,
        19,
        1,
        0,
        0,
        0,
        0,
        0
      ],
      [
        0,
        0,
        0,
        0,
        18,
        1,
        0,
        0,
        0,
        0
      ],
      [
        0,
        0,
        0,
        0,
        0,
        24,
        0,
        0,
        1,
        0
      ],
      [
        0,
        0,
        0,
        0,
        0,
        0,
        15,
        0,
        0,
        0
      ],
      [
        0,
        0,
        0,
        0,
        0,
        0,
        0,
        19,
        0,
        0
      ],
      [
        0,
        0,
        0,
        0,
        0,
        2,
        0,
        0,
        13,
        0
      ],
      [
        0,
        0,
        0,
        1,
        0,
        0,
        0,
        0,
        0,
        17
      ]
    ],
    "model": "artifacts/openart_real/candidates/medium/box_openart_medium_int8.tflite",
    "input_quantization": [
      1.0,
      -128
    ],
    "output_quantization": [
      0.00390625,
      -128
    ]
  },
  "quantization_accuracy_delta": 0.0,
  "export": {
    "path": "artifacts/openart_real/candidates/medium/box_openart_medium_int8.tflite",
    "size_bytes": 331728,
    "input_shape": [
      1,
      120,
      120,
      3
    ],
    "input_quantization": [
      1.0,
      -128
    ],
    "output_shape": [
      1,
      10
    ],
    "output_quantization": [
      0.00390625,
      -128
    ]
  },
  "openart_compatibility": {
    "model": "artifacts/openart_real/candidates/medium/box_openart_medium_int8.tflite",
    "model_size_bytes": 331728,
    "input_shape": [
      1,
      120,
      120,
      3
    ],
    "output_shape": [
      1,
      10
    ],
    "operators": [
      "CONV_2D",
      "FULLY_CONNECTED",
      "MEAN",
      "SOFTMAX"
    ],
    "operator_count": 8,
    "custom_operators": [],
    "float_runtime_tensors": [],
    "passed_static_checks": true,
    "failures": [],
    "hardware_verification_required": true
  },
  "history": {
    "accuracy": [
      0.36251845955848694,
      0.589276909828186,
      0.6773241758346558,
      0.7707821130752563,
      0.8317757248878479,
      0.8726020455360413,
      0.8844072818756104,
      0.8996556997299194,
      0.9134284257888794,
      0.9458927512168884,
      0.9650762677192688,
      0.9695032238960266,
      0.9798327684402466,
      0.9827840924263,
      0.9837678074836731,
      0.9936054944992065,
      0.9970486760139465,
      0.9985243678092957,
      0.9980324506759644,
      0.9995081424713135,
      0.9990162253379822,
      0.9995081424713135,
      0.9975405931472778,
      1.0,
      0.9990162253379822,
      0.9995081424713135,
      1.0,
      0.9995081424713135,
      1.0,
      1.0,
      1.0,
      1.0,
      1.0,
      0.9995081424713135,
      1.0,
      1.0,
      1.0,
      1.0,
      0.9995081424713135,
      1.0,
      1.0,
      1.0,
      1.0,
      1.0,
      1.0,
      1.0,
      1.0,
      1.0,
      1.0,
      1.0,
      1.0,
      1.0,
      1.0,
      1.0,
      1.0,
      1.0,
      1.0,
      1.0,
      1.0,
      1.0,
      1.0,
      1.0
    ],