{
  "config": {
    "route": "openart_real_cnn",
    "variant": "narrow",
    "seed": 123,
    "split_seed": 123,
    "data_dir": "/home/cgcgs/718/dataset/box/real",
    "image_size": [
      120,
      120
    ],
    "batch_size": 128,
    "validation_fraction": 0.2,
    "epochs": 80,
    "learning_rate": 0.001,
    "weight_decay": 0.0001,
    "label_smoothing": 0.05,
    "augmentation": {
      "brightness_limit": 0.08,
      "contrast_limit": 0.08,
      "rgb_shift": [
        [
          -3,
          4
        ],
        [
          -3,
          3
        ],
        [
          -4,
          4
        ]
      ],
      "hsv_shift": {
        "hue": 2,
        "saturation": 4,
        "value": 3
      },
      "probabilities": {
        "brightness_contrast": 0.3,
        "color": 0.2
      },
      "excluded": [
        "flip",
        "rotation",
        "zoom",
        "blur",
        "motion_blur",
        "gaussian_noise",
        "iso_noise",
        "downscale",
        "rgb565",
        "jpeg_compression"
      ]
    },
    "train_counts": [
      207,
      200,
      203,
      202,
      203,
      197,
      207,
      203,
      207,
      204
    ],
    "train_real_counts": [
      60,
      86,
      72,
      80,
      72,
      99,
      56,
      74,
      58,
      71
    ],
    "train_shotmix_counts": [
      147,
      114,
      131,
      122,
      131,
      98,
      151,
      129,
      149,
      133
    ],
    "validation_real_counts": [
      15,
      22,
      19,
      20,
      19,
      25,
      15,
      19,
      15,
      18
    ],
    "representative_samples_requested": 500
  },
  "best_validation_macro_f1": 0.9573391573698657,
  "checkpoint": "artifacts/openart_real/candidates/narrow/best.weights.h5",
  "validation_source": "original_real_only",
  "float": {
    "accuracy": 0.9572192513368984,
    "macro_f1": 0.9573391573698657,
    "correct": 179,
    "total": 187,
    "per_class_recall": [
      1.0,
      0.9545454545454546,
      0.9473684210526315,
      0.95,
      0.8947368421052632,
      1.0,
      0.9333333333333333,
      1.0,
      0.8666666666666667,
      1.0
    ],
    "confusion_matrix": [
      [
        15,
        0,
        0,
        0,
        0,
        0,
        0,
        0,
        0,
        0
      ],
      [
        0,
        21,
        0,
        0,
        0,
        0,
        0,
        0,
        0,
        1
      ],
      [
        0,
        1,
        18,
        0,
        0,
        0,
        0,
        0,
        0,
        0
      ],
      [
        0,
        0,
        0,
        19,
        1,
        0,
        0,
        0,
        0,
        0
      ],
      [
        0,
        0,
        0,
        0,
        17,
        1,
        0,
        0,
        0,
        1
      ],
      [
        0,
        0,
        0,
        0,
        0,
        25,
        0,
        0,
        0,
        0
      ],
      [
        1,
        0,
        0,
        0,
        0,
        0,
        14,
        0,
        0,
        0
      ],
      [
        0,
        0,
        0,
        0,
        0,
        0,
        0,
        19,
        0,
        0
      ],
      [
        0,
        0,
        0,
        0,
        0,
        2,
        0,
        0,
        13,
        0
      ],
      [
        0,
        0,
        0,
        0,
        0,
        0,
        0,
        0,
        0,
        18
      ]
    ]
  },
  "int8": {
    "accuracy": 0.9518716577540107,
    "macro_f1": 0.9521052565926988,
    "correct": 178,
    "total": 187,
    "per_class_recall": [
      1.0,
      0.9545454545454546,
      0.9473684210526315,
      0.95,
      0.8947368421052632,
      0.96,
      0.9333333333333333,
      1.0,
      0.8666666666666667,
      1.0
    ],
    "confusion_matrix": [
      [
        15,
        0,
        0,
        0,
        0,
        0,
        0,
        0,
        0,
        0
      ],
      [
        0,
        21,
        0,
        0,
        0,
        0,
        0,
        0,
        0,
        1
      ],
      [
        0,
        1,
        18,
        0,
        0,
        0,
        0,
        0,
        0,
        0
      ],
      [
        0,
        0,
        0,
        19,
        1,
        0,
        0,
        0,
        0,
        0
      ],
      [
        0,
        0,
        0,
        0,
        17,
        1,
        0,
        0,
        0,
        1
      ],
      [
        0,
        0,
        0,
        0,
        0,
        24,
        0,
        0,
        1,
        0
      ],
      [
        1,
        0,
        0,
        0,
        0,
        0,
        14,
        0,
        0,
        0
      ],
      [
        0,
        0,
        0,
        0,
        0,
        0,
        0,
        19,
        0,
        0
      ],
      [
        0,
        0,
        0,
        0,
        0,
        2,
        0,
        0,
        13,
        0
      ],
      [
        0,
        0,
        0,
        0,
        0,
        0,
        0,
        0,
        0,
        18
      ]
    ],
    "model": "artifacts/openart_real/candidates/narrow/box_openart_narrow_int8.tflite",
    "input_quantization": [
      1.0,
      -128
    ],
    "output_quantization": [
      0.00390625,
      -128
    ]
  },
  "quantization_accuracy_delta": -0.005347593582887722,
  "export": {
    "path": "artifacts/openart_real/candidates/narrow/box_openart_narrow_int8.tflite",
    "size_bytes": 179104,
    "input_shape": [
      1,
      120,
      120,
      3
    ],
    "input_quantization": [
      1.0,
      -128
    ],
    "output_shape": [
      1,
      10
    ],
    "output_quantization": [
      0.00390625,
      -128
    ]
  },
  "openart_compatibility": {
    "model": "artifacts/openart_real/candidates/narrow/box_openart_narrow_int8.tflite",
    "model_size_bytes": 179104,
    "input_shape": [
      1,
      120,
      120,
      3
    ],
    "output_shape": [
      1,
      10
    ],
    "operators": [
      "CONV_2D",
      "FULLY_CONNECTED",
      "MEAN",
      "SOFTMAX"
    ],
    "operator_count": 8,
    "custom_operators": [],
    "float_runtime_tensors": [],
    "passed_static_checks": true,
    "failures": [],
    "hardware_verification_required": true
  },
  "history": {
    "accuracy": [
      0.3497294783592224,
      0.5100836157798767,
      0.6212493777275085,
      0.7014264464378357,
      0.7486473321914673,
      0.7776684761047363,
      0.8175110816955566,
      0.8524348139762878,
      0.8534185886383057,
      0.8937530517578125,
      0.9060501456260681,
      0.9149040579795837,
      0.9380226135253906,
      0.9468765258789062,
      0.9576979875564575,
      0.9665518999099731,
      0.9714707136154175,
      0.9768814444541931,
      0.9788489937782288,
      0.9813084006309509,
      0.9852434992790222,
      0.9798327684402466,
      0.9911460876464844,
      0.9940974116325378,
      0.9950811862945557,
      0.9960649013519287,
      0.9970486760139465,
      0.9975405931472778,
      0.9950811862945557,
      0.9980324506759644,
      0.9980324506759644,
      0.9995081424713135,
      0.9980324506759644,
      0.9955730438232422,
      0.9980324506759644,
      0.9975405931472778,
      1.0,
      0.9995081424713135,
      1.0,
      1.0,
      1.0,
      1.0,
      0.9990162253379822,
      1.0,
      0.9995081424713135,
      0.9995081424713135,
      1.0,
      0.9995081424713135,
      1.0,
      0.9995081424713135,
      0.9995081424713135,
      1.0,
      1.0,
      1.0,
      1.0,
      1.0,
      1.0,
      0.9995081424713135,
      1.0,
      1.0,
      1.0,
      1.0,
      1.0,
      1.0,
      1.0,
      1.0,
      1.0,
      1.0,
      1.0,
      1.0,
      1.0,
      1.0,
      1.0,
      1.0,
      1.0
    ],